cal psi,current
1,0.004032197
1,0.004032952
1,0.004032622
1,0.004032351
1,0.004031906
1,0.004031625
1,0.004032582
1,0.004031806
1,0.004032585
1,0.004032176
1,0.004033878
1,0.004033406
1,0.00403237
1,0.004032357
1,0.004032184
1,0.004032884
1,0.004032923
1,0.004032409
1,0.004032215
1,0.004033209
1,0.004032189
1,0.004032388
1,0.004031835
1,0.004032716
1,0.004032454
1,0.004033697
1,0.004033052
1,0.0040321
1,0.004031814
1,0.004032881
1,0.004033212
1,0.004033424
1,0.004033702
1,0.004032393
1,0.004032805
1,0.004033424
1,0.004032939
1,0.004031447
1,0.004033275
1,0.004032304
1,0.00403318
1,0.004032268
1,0.004033102
1,0.004032907
1,0.00403371
1,0.004033254
1,0.004031444
1,0.004031898
1,0.004032637
1,0.004032186
1,0.004032443
1,0.004032614
1,0.004032488
1,0.004031835
1,0.004032698
1,0.004032968
1,0.004031945
1,0.004032603
1,0.004031347
1,0.004032892
1,0.004032991
1,0.00403249
1,0.004032564
1,0.004031856
1,0.004031541
1,0.004032598
1,0.004032142
1,0.004032842
1,0.004032952
1,0.004032939
1,0.004032247
1,0.004032569
1,0.004032407
1,0.004032438
1,0.004032247
1,0.004031945
1,0.004031156
1,0.004033264
1,0.004031906
1,0.004032333
1,0.004032622
1,0.004032708
1,0.004033136
1,0.004032905
1,0.004033015
1,0.004032233
1,0.004032905
1,0.004032546
1,0.004033159
1,0.004032493
1,0.004032435
1,0.004032949
1,0.004032595
1,0.004033332
1,0.004032585
1,0.004031793
1,0.00403371
1,0.004033445
1,0.004032113
1,0.004033094
1,0.004033663
1,0.004032509
1,0.004032362
1,0.004032713
1,0.004032391
1,0.004031725
1,0.004032244
1,0.004032029
1,0.004031573
1,0.004032915
1,0.004032173
1,0.004032918
1,0.004032024
1,0.004032118
1,0.004033637
1,0.004031727
1,0.00403237
1,0.004033401
1,0.004033015
1,0.004032375
1,0.004033222
1,0.004033081
1,0.004032771
1,0.004031919
1,0.004031914
1,0.004033794
1,0.004033057
1,0.004032409
1,0.004031604
1,0.004033248
1,0.004031885
1,0.004032894
1,0.004032629
1,0.004032826
1,0.004032519
1,0.004032409
1,0.004033183
1,0.004032304
1,0.004032936
1,0.004032692
1,0.004032525
1,0.004032357
1,0.004032011
1,0.004031376
1,0.004032
1,0.00403195
1,0.004031738
1,0.004032341
1,0.004032483
1,0.004032569
1,0.004032241
1,0.004032816
1,0.004032716
1,0.004032637
1,0.004031691
1,0.00403135
1,0.00403199
1,0.004031701
1,0.004032391
1,0.004032546
1,0.004031719
1,0.004032131
1,0.004032635
1,0.004032931
1,0.004032766
1,0.004031895
1,0.004031997
1,0.004032241
1,0.00403306
1,0.004032595
1,0.004032226
1,0.004031866
1,0.00403131
1,0.00403269
1,0.004032994
1,0.004032522
1,0.004031824
1,0.004031184
1,0.004031995
1,0.00403274
1,0.004032202
1,0.004031974
1,0.004032897
1,0.004033044
1,0.004032742
1,0.004031562
1,0.004032475
1,0.004031591
1,0.00403297
1,0.004031491
1,0.004032417
1,0.004032029
1,0.004033057
1,0.00403269
1,0.004032252
1,0.00403253
1,0.00403265
1,0.004031843
1,0.004032236
1,0.004032716
1,0.004031562
1,0.004031919
1,0.004031893
1,0.004033159
1,0.00403119
1,0.004033138
1,0.004032386
1,0.00403227
1,0.004032556
1,0.004032939
1,0.004032477
1,0.004032351
1,0.004032449
1,0.004032944
1,0.00403158
1,0.004031706
1,0.004032317
1,0.004032257
1,0.004030109
1,0.004033046
1,0.004031971
1,0.004032396
1,0.004031861
1,0.004033217
1,0.004032346
1,0.004032094
1,0.004031439
1,0.004032727
1,0.004032616
1,0.004033167
1,0.004032727
1,0.00403222
1,0.004031169
1,0.004032155
1,0.004032344
1,0.004032016
1,0.004032152
1,0.0040321
1,0.004032136
1,0.004034022
1,0.004033222
1,0.004032598
1,0.004032011
1,0.004032598
1,0.004033128
1,0.004032511
1,0.004031672
1,0.004032236
1,0.004033044
1,0.004032233
1,0.004032981
1,0.004032475
1,0.004032997
1,0.004032918
1,0.004032527
1,0.004032357
1,0.004032724
1,0.00403334
1,0.00403333
1,0.004031518
1,0.004032698
1,0.004031397
1,0.004032897
1,0.004032268
1,0.004032719
1,0.004031796
1,0.004031565
1,0.004031224
1,0.0040328
1,0.004031984
1,0.00403216
1,0.004031573
1,0.004031748
1,0.004032192
1,0.004031365
1,0.004032784
1,0.004031575
1,0.004032304
1,0.004031591
1,0.004032338
1,0.004032126
1,0.004032241
1,0.00403227
1,0.004032102
1,0.004032388
1,0.004032774
1,0.004031494
1,0.004031654
1,0.004031664
1,0.00403141
1,0.004031625
1,0.004031599
1,0.004032858
1,0.004030878
1,0.004031061
1,0.004031329
1,0.004032121
1,0.004032527
1,0.004032467
1,0.004032247
1,0.004031872
1,0.00403312
1,0.004033576
1,0.004032026
1,0.004031615
1,0.00403179
1,0.004030731
1,0.004031531
1,0.004031942
1,0.004032233
1,0.004030969
1,0.004031819
1,0.004031006
1,0.004032032
1,0.004031171
1,0.004031355
1,0.004033033
1,0.00403205
1,0.004031796
1,0.004032821
1,0.004032845
1,0.004031431
1,0.004031562
1,0.004032525
1,0.004032438
1,0.004032692
1,0.004032346
1,0.004031531
1,0.00403168
1,0.004032501
1,0.004031027
1,0.004033018
1,0.004031371
1,0.004031806
1,0.004031879
1,0.004033301
1,0.00403265
1,0.004031355
1,0.00403226
1,0.004032629
1,0.004032577
1,0.004032412
1,0.004031958
1,0.004031895
1,0.004032108
1,0.004032449
1,0.004032574
1,0.004032289
1,0.004031992
1,0.004031738
1,0.004031533
1,0.004032414
1,0.004033235
1,0.004033144
1,0.004032186
1,0.004032155
1,0.004030988
1,0.004032721
1,0.004033233
1,0.00403242
1,0.004031872
1,0.004032045
1,0.004032519
1,0.00403104
1,0.004033458
1,0.004031552
1,0.004032286
1,0.004031465
1,0.004032372
1,0.004032092
1,0.004031809
1,0.004032192
1,0.004032719
1,0.004033335
1,0.004032207
1,0.004032094
1,0.004032268
1,0.004032459
1,0.00403098
1,0.004031667
1,0.004031916
1,0.004033503
1,0.004032375
1,0.004031672
1,0.004031743
1,0.004031877
1,0.004032551
1,0.004032483
1,0.004031497
1,0.004032635
1,0.00403318
1,0.004032241
1,0.004032706
1,0.004031342
1,0.00403098
1,0.004032404
1,0.004032525
1,0.004032289
1,0.004033138
1,0.004033138
1,0.004032053
1,0.00403254
1,0.004033178
1,0.004032171
1,0.004031263
1,0.004031992
1,0.004031664
1,0.004032302
1,0.00403103
1,0.004032108
1,0.004031764
1,0.004031919
1,0.004032417
1,0.004032622
1,0.004031313
1,0.00403286
1,0.00403103
1,0.004031268
1,0.004032417
1,0.004032766
1,0.004032496
1,0.004032199
1,0.004032517
1,0.004032152
1,0.004032181
1,0.004031523
1,0.004031617
1,0.004033686
1,0.004032328
1,0.004032063
1,0.004032498
1,0.004031955
1,0.004032527
1,0.004031961
1,0.004032897
1,0.004032506
1,0.004032252
1,0.004032354
1,0.004031599
1,0.004031426
1,0.004032567
1,0.004031468
1,0.004032068
1,0.004033028
1,0.004032792
1,0.004032239
1,0.004033605
1,0.004033332
1,0.004032396
1,0.004033254
1,0.004031473
1,0.004032601
1,0.004031452
1,0.004031945
1,0.00403318
1,0.004031625
1,0.004031861
1,0.004031806
1,0.004032362
1,0.004031636
1,0.004032493
1,0.004031643
1,0.004031942
1,0.004032365
1,0.004032362
1,0.004032307
1,0.00403195
1,0.00403215
1,0.004033235
1,0.004031192
1,0.004032063
1,0.004033028
1,0.004031748
1,0.004032024
1,0.004032189
1,0.004032955
1,0.004031352
1,0.004032144
1,0.004032543
1,0.004033083
1,0.004032915
1,0.004032443
1,0.004032774
1,0.004032708
1,0.004033689
1,0.004031816
1,0.004032081
1,0.004031696
1,0.004032302
1,0.004032727
1,0.004031895
1,0.004032003
1,0.004032543
1,0.004031735
1,0.004031919
1,0.004031874
1,0.00403222
1,0.004033088
1,0.004031895
1,0.004031908
1,0.004032254
1,0.004032249
1,0.004031767
1,0.004031622
1,0.004031607
1,0.004032249
1,0.004032467
1,0.004032079
1,0.004032378
1,0.004033225
1,0.004032472
1,0.004032265
1,0.00403194
1,0.004032223
1,0.00403189
1,0.004032609
1,0.004030539
1,0.004029954
1,0.004031801
1,0.004031135
1,0.004031976
1,0.004031462
1,0.004030684
1,0.00403168
1,0.004032089
1,0.00403147
1,0.0040319
1,0.00403221
1,0.0040321
1,0.004031853
1,0.004031465
1,0.004031677
1,0.00403125
1,0.004031706
1,0.004031381
1,0.004031911
1,0.004032092
1,0.004031237
1,0.004031843
1,0.004032155
1,0.004031992
1,0.004031224
1,0.004031801
1,0.004032787
1,0.004032407
1,0.004031722
1,0.004031575
1,0.004031651
1,0.004032231
1,0.004033146
1,0.004032892
1,0.00403183
1,0.00403281
1,0.004030938
1,0.004033018
1,0.004031696
1,0.004032005
1,0.004030718
1,0.004032803
1,0.004032357
1,0.004031436
1,0.004031043
1,0.004032068
1,0.004031769
1,0.004031942
1,0.00403183
1,0.004031958
1,0.00403178
1,0.004031615
1,0.004032346
1,0.004032931
1,0.004032645
1,0.004032569
1,0.004032042
1,0.004031402
1,0.004031685
1,0.004032616
1,0.004031748
1,0.004031381
1,0.00403258
1,0.004030828
1,0.004031077
1,0.004032108
1,0.004031449
1,0.00403146
1,0.004032094
1,0.0040319
1,0.004031835
1,0.004032351
1,0.004032525
1,0.004031116
1,0.004031478
1,0.004030238
1,0.004031565
1,0.004031893
1,0.004031578
1,0.004031344
1,0.004032278
1,0.004032357
1,0.004031434
1,0.004031473
1,0.00403174
1,0.004031803
1,0.004031229
1,0.004031491
1,0.00403248
1,0.004031331
1,0.004031827
1,0.00403183
1,0.004032189
1,0.004031441
1,0.004031893
1,0.004031628
1,0.004032789
1,0.004031601
1,0.004031552
1,0.004032053
1,0.00403162
1,0.004032682
1,0.004032268
1,0.004031208
1,0.004032079
1,0.004031935
1,0.004032304
1,0.004032538
1,0.00403178
1,0.004030731
1,0.004032302
1,0.004031441
1,0.004031942
1,0.004032081
1,0.0040328
1,0.004031628
1,0.004031858
1,0.004031318
1,0.004031384
1,0.004031969
1,0.004031567
1,0.004032367
1,0.004031921
1,0.004031709
1,0.004031562
1,0.004032763
1,0.004031906
1,0.004032032
1,0.00403099
1,0.004032008
1,0.004032003
1,0.004032902
1,0.004032312
1,0.004031051
1,0.004031313
1,0.004031667
1,0.004030259
1,0.004032029
1,0.004031851
1,0.004032032
1,0.004032155
1,0.004033663
1,0.004031148
1,0.004030251
1,0.004031717
1,0.004032501
1,0.004031738
1,0.004032511
1,0.004031919
1,0.004033086
1,0.004033096
1,0.00403274
1,0.004032045
1,0.004031851
1,0.004032039
1,0.004031691
1,0.004031803
1,0.004030914
1,0.004031798
1,0.004033204
1,0.004032307
1,0.004032254
1,0.004031368
1,0.004033259
1,0.004032551
1,0.004032372
1,0.004032737
1,0.004032005
1,0.004031816
1,0.004032058
1,0.004031399
1,0.004032871
1,0.004031827
1,0.004031966
1,0.004030878
1,0.004031431
1,0.004031851
1,0.004032624
1,0.004032564
1,0.004032928
1,0.004032346
1,0.004032244
1,0.004031992
1,0.004031594
1,0.004031932
1,0.004032157
1,0.004032433
1,0.004032595
1,0.004032344
1,0.004031796
1,0.004032236
1,0.004031908
1,0.004032446
1,0.004032055
1,0.004032359
1,0.004031942
1,0.00403199
1,0.0040319
1,0.004032008
1,0.004032212
1,0.004033041
1,0.004031379
1,0.004031811
1,0.004031856
1,0.004031845
1,0.004032168
1,0.004032252
1,0.004031754
1,0.004030427
1,0.004030854
1,0.004030914
1,0.004030319
1,0.004031638
1,0.004031386
1,0.004031696
1,0.004032176
1,0.004031449
1,0.004030728
1,0.004032215
1,0.004033201
1,0.004031407
1,0.00403125
1,0.004032011
1,0.004031979
1,0.004032451
1,0.004032902
1,0.004032588
1,0.004032947
1,0.004032079
1,0.004031523
1,0.004032921
1,0.004032378
1,0.00403183
1,0.004032302
1,0.004032388
1,0.004032058
1,0.004031628
1,0.004031916
1,0.004032029
1,0.004031677
1,0.004030432
1,0.004031895
1,0.004031806
1,0.004030468
1,0.004030786
1,0.004030969
1,0.004031085
1,0.004031814
1,0.004031476
1,0.004031793
1,0.004032595
1,0.004031793
1,0.004032611
1,0.004031381
1,0.004031205
1,0.004031399
1,0.004031924
1,0.004030872
1,0.0040313
1,0.004032923
1,0.004032435
1,0.004031219
1,0.004031759
1,0.00403195
1,0.004032388
1,0.00403269
1,0.004031987
1,0.00403098
1,0.004031793
1,0.00403183
1,0.004030138
1,0.004030862
1,0.004031531
1,0.004031898
1,0.004032902
1,0.004031759
1,0.004032435
1,0.004031824
1,0.004029711
1,0.004031161
1,0.004031586
1,0.004031179
1,0.004031761
1,0.004031462
1,0.004031247
1,0.004032779
1,0.004031969
1,0.004031769
1,0.004031234
1,0.004031284
1,0.004031837
1,0.004032782
1,0.004032679
1,0.004032559
1,0.004032913
1,0
1,0
1,0
1,0
1,0
1,0
1,0
1,0
1,0
1,0
1,0
1,0
1,0
1,0
1,0
1,0
1,0
1,0
1,0
1,0
1,0
1,0
1,0
1,0
1,0
1,0
1,0
1,0
1,0
1,0
1,0
1,0
1,0
1,0
1,0
1,0
1,0
1,0
1,0
1,0
1,0
1,0
1,0
1,0
1,0
1,0
1,0
1,0
1,0
1,0
1,0
1,0
1,0
1,0
1,0
1,0
1,0
1,0
1,0
1,0
1,0
1,0
1,0
1,0
1,0
1,0
1,0
1,0
1,0
1,0
1,0
1,0
1,0
1,0
1,0
1,0
1,0
1,0
1,0
1,0
1,0
1,0
1,0
1,0
1,0
1,0
1,0
1,0
1,0
1,0
1,0
1,0
1,0
1,0
1,0
1,0
1,0
1,0
1,0
1,0
1,0
1,0
1,0
1,0
1,0
1,0
1,0
1,0
1,0
1,0
1,0
1,0
1,0
1,0
1,0
1,0
1,0
1,0
1,0
1,0
1,0
1,0
1,0
1,0
1,0
1,0
1,0
1,0
1,0
1,0
1,0
1,0
1,0
1,0
1,0
1,0
1,0
1,0
1,0
1,0
1,0
1,0
1,0
1,0
1,0
1,0
1,0
1,0
1,0
1,0
1,0
1,0
1,0
1,0
1,0
1,0
1,0
1,0
1,0
1,0
1,0
1,0
1,0
1,0
1,0
1,0
1,0
1,0
1,0
1,0
1,0
1,0
1,0
1,0
1,0
1,0
1,0
1,0
1,0
1,0
1,0
1,0
1,0
1,0
1,0
1,0
1,0
1,0
2,0.006160716
2,0.006160411
2,0.006159525
2,0.006160766
2,0.006160034
2,0.006161416
2,0.006159654
2,0.006159803
2,0.006161434
2,0.006160065
2,0.006159496
2,0.006160438
2,0.006160878
2,0.006160543
2,0.0061591
2,0.006160278
2,0.006160878
2,0.006160501
2,0.006160071
2,0.006160283
2,0.006159942
2,0.006159884
2,0.006159793
2,0.006158484
2,0.006159677
2,0.00616017
2,0.006160175
2,0.006159116
2,0.006159108
2,0.006159643
2,0.006158696
2,0.006160036
2,0.006159161
2,0.006159848
2,0.006160136
2,0.006160128
2,0.006159389
2,0.00615893
2,0.006159976
2,0.006159756
2,0.006159326
2,0.006158804
2,0.00616
2,0.006159625
2,0.006159509
2,0.006159077
2,0.006159803
2,0.00616037
2,0.006159509
2,0.006159302
2,0.006158835
2,0.006160141
2,0.006160034
2,0.006158801
2,0.00615984
2,0.00615953
2,0.006159137
2,0.006160855
2,0.006159459
2,0.006159158
2,0.006158717
2,0.00615973
2,0.006158702
2,0.006158067
2,0.006160404
2,0.00615964
2,0.006160312
2,0.006158998
2,0.006161293
2,0.006158932
2,0.006159223
2,0.006159533
2,0.006160343
2,0.006159331
2,0.006160288
2,0.006159654
2,0.006159242
2,0.006160595
2,0.006159265
2,0.006160398
2,0.006159357
2,0.006159255
2,0.00615873
2,0.006159454
2,0.006159137
2,0.006160147
2,0.006159488
2,0.00616021
2,0.006161224
2,0.006159024
2,0.006159289
2,0.006159787
2,0.006160516
2,0.006158243
2,0.006160391
2,0.006159994
2,0.006158681
2,0.006159785
2,0.006158652
2,0.006160346
2,0.006160377
2,0.006160225
2,0.006158964
2,0.006160141
2,0.006158646
2,0.006160663
2,0.006159242
2,0.006160383
2,0.006160821
2,0.006161324
2,0.006160223
2,0.006160669
2,0.006160094
2,0.006160383
2,0.006159633
2,0.006160501
2,0.006158778
2,0.006159821
2,0.006160839
2,0.006159189
2,0.006159376
2,0.00616172
2,0.006159903
2,0.006160301
2,0.006159876
2,0.006160453
2,0.006160687
2,0.006159672
2,0.006159077
2,0.006160902
2,0.006159884
2,0.006159955
2,0.00615957
2,0.006159575
2,0.006159638
2,0.006159334
2,0.00616053
2,0.006160758
2,0.00616139
2,0.00616044
2,0.006160396
2,0.006161002
2,0.006159932
2,0.006160684
2,0.006160438
2,0.006161702
2,0.006159265
2,0.006159777
2,0.006159753
2,0.006160928
2,0.006160283
2,0.006160128
2,0.006160191
2,0.006160414
2,0.006160632
2,0.006161015
2,0.006159158
2,0.006160259
2,0.00616124
2,0.006160501
2,0.006158757
2,0.006159231
2,0.006160362
2,0.00616097
2,0.006159591
2,0.006160453
2,0.006160375
2,0.006160406
2,0.006160241
2,0.006159019
2,0.00615931
2,0.006159397
2,0.00616081
2,0.006160621
2,0.006160275
2,0.006159803
2,0.006160391
2,0.006159932
2,0.006161424
2,0.00616091
2,0.006161154
2,0.006160157
2,0.00616096
2,0.006161104
2,0.006159929
2,0.006159987
2,0.006160414
2,0.00616059
2,0.006159735
2,0.006159559
2,0.006161597
2,0.00615958
2,0.006160076
2,0.006160029
2,0.006160939
2,0.006160663
2,0.006160244
2,0.006160994
2,0.006159237
2,0.006160259
2,0.006160676
2,0.006160831
2,0.006160566
2,0.006160815
2,0.006160031
2,0.006161224
2,0.006159596
2,0.006160857
2,0.006160936
2,0.006160296
2,0.006160026
2,0.006160813
2,0.006160115
2,0.006159945
2,0.006161133
2,0.006161004
2,0.006161618
2,0.006160417
2,0.006160553
2,0.006160834
2,0.006161529
2,0.006161534
2,0.00616076
2,0.006161961
2,0.00616107
2,0.006161135
2,0.006160807
2,0.006160236
2,0.006161348
2,0.006160842
2,0.006160249
2,0.006160131
2,0.006160873
2,0.006160417
2,0.00615979
2,0.00615905
2,0.006158481
2,0.006160089
2,0.006160902
2,0.006162174
2,0.006160826
2,0.006160288
2,0.006161002
2,0.006160624
2,0.006160577
2,0.006160267
2,0.006160532
2,0.006160527
2,0.006160745
2,0.006159709
2,0.00616087
2,0.006160574
2,0.006160448
2,0.006161319
2,0.006161183
2,0.006159845
2,0.00616103
2,0.006160805
2,0.006160039
2,0.006160136
2,0.00615973
2,0.006160844
2,0.006159297
2,0.00616156
2,0.006161741
2,0.006160317
2,0.006160223
2,0.006159656
2,0.006160666
2,0.006160081
2,0.006161356
2,0.006160275
2,0.006161311
2,0.006160102
2,0.00615979
2,0.006159585
2,0.006159719
2,0.006159795
2,0.006161906
2,0.006159863
2,0.006160312
2,0.006160587
2,0.00616092
2,0.006160141
2,0.006159507
2,0.006161054
2,0.006160595
2,0.00616055
2,0.006160813
2,0.006160411
2,0.006160459
2,0.006160912
2,0.006160805
2,0.006159583
2,0.006160815
2,0.006161384
2,0.006160679
2,0.006159921
2,0.006161815
2,0.006160448
2,0.006159281
2,0.006160684
2,0.006160406
2,0.006161778
2,0.006161141
2,0.006160873
2,0.006161799
2,0.006160333
2,0.006160886
2,0.006160687
2,0.006160986
2,0.006161172
2,0.006160296
2,0.006160768
2,0.006162208
2,0.006161141
2,0.006159703
2,0.006161088
2,0.006162014
2,0.00616059
2,0.006160679
2,0.006160207
2,0.00616038
2,0.006161193
2,0.006161277
2,0.006160414
2,0.006160954
2,0.006160973
2,0.006160794
2,0.006159884
2,0.006160388
2,0.006160115
2,0.006160314
2,0.006160815
2,0.006161143
2,0.006159591
2,0.006159924
2,0.006161361
2,0.0061621
2,0.006160905
2,0.006162848
2,0.006160401
2,0.00616037
2,0.006160847
2,0.006161109
2,0.006160868
2,0.0061606
2,0.006159195
2,0.00616096
2,0.00616178
2,0.006161353
2,0.00616178
2,0.006160865
2,0.006160388
2,0.006160215
2,0.006159981
2,0.00616209
2,0.006162253
2,0.006160099
2,0.006159753
2,0.006161715
2,0.006160653
2,0.006160637
2,0.006161516
2,0.006159953
2,0.006160697
2,0.006161644
2,0.006160721
2,0.0061607
2,0.006161531
2,0.006161261
2,0.006161576
2,0.006159971
2,0.006160621
2,0.006160844
2,0.006160438
2,0.006160669
2,0.006161117
2,0.006160535
2,0.006160409
2,0.006160086
2,0.006159756
2,0.006159727
2,0.006161838
2,0.0061607
2,0.00616112
2,0.006160886
2,0.006161122
2,0.006160084
2,0.00615989
2,0.006160435
2,0.006162651
2,0.006160889
2,0.006160682
2,0.00616044
2,0.00616119
2,0.00616097
2,0.006161371
2,0.006160532
2,0.006160181
2,0.00616022
2,0.006162032
2,0.006161733
2,0.006161361
2,0.006159966
2,0.006160236
2,0.006160495
2,0.006160978
2,0.006162111
2,0.006160889
2,0.006160343
2,0.006159793
2,0.006161371
2,0.006161222
2,0.00616012
2,0.00615947
2,0.006161382
2,0.006160878
2,0.00616044
2,0.006160044
2,0.006160737
2,0.006160107
2,0.006160314
2,0.006159968
2,0.006159428
2,0.006159255
2,0.006161101
2,0.006160183
2,0.006161266
2,0.00616048
2,0.006161248
2,0.006160092
2,0.00616112
2,0.006160931
2,0.006162717
2,0.006161028
2,0.006160448
2,0.00616012
2,0.006161162
2,0.006161308
2,0.006161017
2,0.006161744
2,0.006160666
2,0.00616166
2,0.006162651
2,0.006160988
2,0.006160847
2,0.006162567
2,0.006161298
2,0.006161938
2,0.006161442
2,0.006162276
2,0.006160933
2,0.006160189
2,0.006161542
2,0.006161148
2,0.006161051
2,0.006161521
2,0.006161497
2,0.006160068
2,0.006160383
2,0.006161662
2,0.006162331
2,0.00615952
2,0.006162934
2,0.006160254
2,0.006161277
2,0.006161434
2,0.006161917
2,0.006160986
2,0.006162108
2,0.00616134
2,0.006161253
2,0.006160849
2,0.006159444
2,0.006160419
2,0.006161542
2,0.006161002
2,0.006161146
2,0.006160034
2,0.006162142
2,0.006161508
2,0.006161405
2,0.006161371
2,0.006160585
2,0.006161933
2,0.006161091
2,0.006161707
2,0.006161938
2,0.006160834
2,0.006160807
2,0.006159903
2,0.006160396
2,0.006161707
2,0.006161088
2,0.006160267
2,0.00616188
2,0.006161718
2,0.006160797
2,0.006161434
2,0.006163205
2,0.006161172
2,0.006161148
2,0.006161754
2,0.006161854
2,0.006160309
2,0.006161059
2,0.006160839
2,0.006161405
2,0.006161337
2,0.006160939
2,0.006161311
2,0.006160207
2,0.006161899
2,0.006161487
2,0.006162769
2,0.006161489
2,0.00616038
2,0.006160669
2,0.006161838
2,0.0061615
2,0.006161647
2,0.006160889
2,0.00616167
2,0.006160495
2,0.006161411
2,0.006160981
2,0.006161938
2,0.006161537
2,0.006162538
2,0.006160928
2,0.006161917
2,0.006161196
2,0.006161906
2,0.006161361
2,0.006161479
2,0.006160537
2,0.006159782
2,0.006161547
2,0.006162402
2,0.006161403
2,0.006161075
2,0.006160582
2,0.006161374
2,0.006161159
2,0.006160996
2,0.006162557
2,0.006161264
2,0.006160259
2,0.006160863
2,0.006160477
2,0.006161316
2,0.006161468
2,0.006161982
2,0.006162798
2,0.006161117
2,0.006161049
2,0.006161518
2,0.006161502
2,0.006161584
2,0.00616188
2,0.006161513
2,0.006162651
2,0.006162266
2,0.006161327
2,0.006162394
2,0.006161219
2,0.006162239
2,0.006161206
2,0.006161636
2,0.006162405
2,0.006161657
2,0.006162121
2,0.006161495
2,0.0061623
2,0.006161193
2,0.006161164
2,0.006160721
2,0.006161169
2,0.006162187
2,0.006162903
2,0.006160409
2,0.006161009
2,0.006161539
2,0.006161495
2,0.0061606
2,0.006161348
2,0.006160669
2,0.006161922
2,0.006160375
2,0.006162499
2,0.006160789
2,0.006162507
2,0.006161718
2,0.00616167
2,0.006161691
2,0.006162218
2,0.006162292
2,0.006162213
2,0.006160983
2,0.006160419
2,0.006162486
2,0.006162617
2,0.006161922
2,0.00616092
2,0.006163233
2,0.006162229
2,0.006162439
2,0.006162114
2,0.006162019
2,0.006162098
2,0.00616097
2,0.006162578
2,0.006162229
2,0.006161786
2,0.006161634
2,0.006161657
2,0.006161109
2,0.006162399
2,0.006161565
2,0.006162072
2,0.006162017
2,0.00616231
2,0.006161859
2,0.006161248
2,0.006161822
2,0.006161308
2,0.006161497
2,0.006162628
2,0.006162321
2,0.006162079
2,0.006162218
2,0.00616225
2,0.00616262
2,0.006162864
2,0.006161683
2,0.006161933
2,0.00616241
2,0.006162297
2,0.006161324
2,0.006161686
2,0.006161217
2,0.006160561
2,0.006161044
2,0.006160548
2,0.006161382
2,0.006161718
2,0.006162772
2,0.006161146
2,0.006161175
2,0.0061621
2,0.006161618
2,0.006162667
2,0.00616182
2,0.006162001
2,0.006161628
2,0.006161605
2,0.006161159
2,0.006162536
2,0.006161628
2,0.006162717
2,0.006159971
2,0.006161332
2,0.006162253
2,0.00616246
2,0.006162483
2,0.006162234
2,0.006163034
2,0.006163698
2,0.006162171
2,0.006162127
2,0.006161935
2,0.006160231
2,0.00616231
2,0.006161733
2,0.006162226
2,0.006161867
2,0.006161723
2,0.006162958
2,0.006162916
2,0.006161631
2,0.006162491
2,0.00616215
2,0.006161072
2,0.006161416
2,0.006161985
2,0.006162963
2,0.006163123
2,0.006162806
2,0.006161875
2,0.006162258
2,0.006163157
2,0.00616231
2,0.006163459
2,0.006161846
2,0.006161739
2,0.00616215
2,0.006161537
2,0.006162389
2,0.006163372
2,0.006162211
2,0.006161421
2,0.006163131
2,0.006161148
2,0.006161998
2,0.006161463
2,0.00616108
2,0.006161204
2,0.006162114
2,0.006161733
2,0.006161885
2,0.006160375
2,0.006161715
2,0.006161513
2,0.00616203
2,0.006161634
2,0.006162871
2,0.006162148
2,0.006161442
2,0.006162043
2,0.0061615
2,0.006161825
2,0.006163375
2,0.006162017
2,0.006161398
2,0.006161243
2,0.00616182
2,0.00616112
2,0.00616167
2,0.006161988
2,0.006161954
2,0.006162187
2,0.006162132
2,0.006162557
2,0.006161757
2,0.006161731
2,0.006161366
2,0.006162832
2,0.006162651
2,0.006162313
2,0.006162565
2,0.006162035
2,0.006162633
2,0.006161767
2,0.006161951
2,0.006163278
2,0.006163212
2,0.006162077
2,0.0061621
2,0.006161843
2,0.006162801
2,0.006161707
2,0.006162483
2,0.006162011
2,0.00616167
2,0.00616139
2,0.006162174
2,0.006161505
2,0.006162782
2,0.006161841
2,0.006162211
2,0.006163202
2,0.006163614
2,0.006162877
2,0.006161948
2,0.006162898
2,0.006162478
2,0.006161946
2,0.006162302
2,0.006163629
2,0.006163532
2,0.006161812
2,0.006163066
2,0.006162798
2,0.006163113
2,0.006161329
2,0.006163375
2,0.006161618
2,0.006162664
2,0.006162906
2,0.006160873
2,0.006162958
2,0.006162454
2,0.006162082
2,0.006162368
2,0.006163684
2,0.006161673
2,0.006162163
2,0.006162625
2,0.006161946
2,0.006162334
2,0.006161353
2,0.006162135
2,0.00616151
2,0.00616251
2,0.006162573
2,0.006163572
2,0.006163543
2,0.006162607
2,0.006162218
2,0.006162809
2,0.006163123
2,0.00616252
2,0.006161272
2,0.006162135
2,0.006162782
2,0.006162402
2,0.006162106
2,0.00616337
2,0.006162182
2,0.00616231
2,0.00616161
2,0.006161851
2,0.006163391
2,0.006163013
2,0.006162339
2,0.0061622
2,0.006163692
2,0.006162363
2,0.006162565
2,0.0061623
2,0.006162612
2,0
2,0
2,0
2,0
2,0
2,0
2,0
2,0
2,0
2,0
2,0
2,0
2,0
2,0
2,0
2,0
2,0
2,0
2,0
2,0
2,0
2,0
2,0
2,0
2,0
2,0
2,0
2,0
2,0
2,0
2,0
2,0
2,0
2,0
2,0
2,0
2,0
2,0
2,0
2,0
2,0
2,0
2,0
2,0
2,0
2,0
2,0
2,0
2,0
2,0
2,0
2,0
2,0
2,0
2,0
2,0
2,0
2,0
2,0
2,0
2,0
2,0
2,0
2,0
2,0
2,0
2,0
2,0
2,0
2,0
2,0
2,0
2,0
2,0
2,0
2,0
2,0
2,0
2,0
2,0
2,0
2,0
2,0
2,0
2,0
2,0
2,0
2,0
2,0
2,0
2,0
2,0
2,0
2,0
2,0
2,0
2,0
2,0
2,0
2,0
2,0
2,0
2,0
2,0
2,0
2,0
2,0
2,0
2,0
2,0
2,0
2,0
2,0
2,0
2,0
2,0
2,0
2,0
2,0
2,0
2,0
2,0
2,0
2,0
2,0
2,0
2,0
2,0
2,0
2,0
2,0
2,0
2,0
2,0
2,0
2,0
2,0
2,0
2,0
2,0
2,0
2,0
2,0
2,0
2,0
2,0
2,0
2,0
2,0
2,0
2,0
2,0
2,0
2,0
2,0
2,0
2,0
2,0
2,0
2,0
2,0
2,0
2,0
2,0
2,0
2,0
2,0
2,0
2,0
2,0
2,0
2,0
2,0
2,0
2,0
2,0
2,0
2,0
3,0.007893476
3,0.007893914
3,0.007892702
3,0.007891813
3,0.007891879
3,0.007892238
3,0.00789293
3,0.007892684
3,0.007892859
3,0.007891357
3,0.007892833
3,0.007891779
3,0.007892652
3,0.007894071
3,0.007893489
3,0.007893853
3,0.007892668
3,0.007893064
3,0.007892081
3,0.007893376
3,0.007892723
3,0.007892658
3,0.00789228
3,0.007892479
3,0.007893497
3,0.007892922
3,0.00789329
3,0.007892917
3,0.007892684
3,0.007892327
3,0.007893473
3,0.007893067
3,0.007892212
3,0.007893452
3,0.00789325
3,0.007893971
3,0.007893657
3,0.007893607
3,0.007893903
3,0.007893182
3,0.007893678
3,0.007893326
3,0.007891947
3,0.007892301
3,0.007893305
3,0.007892306
3,0.007892456
3,0.007892162
3,0.007892442
3,0.007892616
3,0.007892757
3,0.007892744
3,0.007893161
3,0.007892608
3,0.007892977
3,0.00789314
3,0.007892731
3,0.007892904
3,0.007892713
3,0.007891511
3,0.007892164
3,0.007892521
3,0.007892526
3,0.007892823
3,0.007893046
3,0.007892975
3,0.007892495
3,0.007892875
3,0.007893547
3,0.007892261
3,0.007892463
3,0.007892545
3,0.007893339
3,0.00789308
3,0.007893048
3,0.007892361
3,0.007892705
3,0.007891797
3,0.00789249
3,0.007893174
3,0.007892002
3,0.007892899
3,0.007892296
3,0.007894189
3,0.007892319
3,0.00789234
3,0.007893387
3,0.007892925
3,0.007893255
3,0.007891905
3,0.007891824
3,0.007892199
3,0.007893916
3,0.007893182
3,0.007893145
3,0.007892298
3,0.007892865
3,0.00789165
3,0.007892681
3,0.007893893
3,0.007893591
3,0.0078934
3,0.0078924
3,0.00789202
3,0.0078933
3,0.00789378
3,0.007893266
3,0.007892873
3,0.007892967
3,0.007894019
3,0.007893219
3,0.007893174
3,0.007891614
3,0.007893725
3,0.007893022
3,0.007892875
3,0.007893082
3,0.007892859
3,0.007893961
3,0.007892909
3,0.007893132
3,0.007892996
3,0.007892503
3,0.007893164
3,0.007892744
3,0.007892757
3,0.007892424
3,0.007893846
3,0.007892532
3,0.007892335
3,0.007891839
3,0.007892849
3,0.007892844
3,0.00789266
3,0.007892836
3,0.007893387
3,0.007891837
3,0.007892752
3,0.007891362
3,0.007892188
3,0.007891936
3,0.007891997
3,0.007892359
3,0.007891934
3,0.007892841
3,0.007892873
3,0.007891721
3,0.007892673
3,0.007890832
3,0.007891603
3,0.007892241
3,0.007891047
3,0.007890788
3,0.00789197
3,0.007892361
3,0.007892749
3,0.007892495
3,0.007891619
3,0.0078924
3,0.007892112
3,0.007891721
3,0.00789126
3,0.007891734
3,0.007892133
3,0.007891399
3,0.007891928
3,0.007891325
3,0.007892157
3,0.007891357
3,0.007891787
3,0.007892456
3,0.007891239
3,0.007892267
3,0.007892233
3,0.007892125
3,0.00789126
3,0.007892936
3,0.007892157
3,0.007892086
3,0.00789165
3,0.007891601
3,0.007891737
3,0.007892206
3,0.007892115
3,0.007892553
3,0.007891572
3,0.007891443
3,0.007891753
3,0.007890607
3,0.007891344
3,0.007891758
3,0.007891454
3,0.007892752
3,0.007892128
3,0.007892846
3,0.007892479
3,0.007892589
3,0.007891648
3,0.00789153
3,0.007891719
3,0.007892781
3,0.007892243
3,0.007892469
3,0.007891527
3,0.007891653
3,0.007891708
3,0.007892519
3,0.007891378
3,0.007891108
3,0.007891129
3,0.007891957
3,0.007891344
3,0.007891679
3,0.00789191
3,0.007891493
3,0.00789351
3,0.007892044
3,0.007891855
3,0.007893334
3,0.007891218
3,0.00789099
3,0.007892296
3,0.007891344
3,0.007891852
3,0.007892461
3,0.007892694
3,0.007892136
3,0.007891262
3,0.007890211
3,0.007890258
3,0.007890677
3,0.007892414
3,0.007891829
3,0.007891955
3,0.007891372
3,0.007891653
3,0.00789261
3,0.007891829
3,0.007890738
3,0.007892041
3,0.007891553
3,0.007892817
3,0.007891567
3,0.007892579
3,0.007892387
3,0.007891774
3,0.007892783
3,0.00789095
3,0.007892125
3,0.007892844
3,0.007892495
3,0.007892414
3,0.007891323
3,0.007891333
3,0.007893208
3,0.007891317
3,0.007891865
3,0.007892241
3,0.007892162
3,0.007892387
3,0.007891233
3,0.007892275
3,0.007891774
3,0.007892136
3,0.007891774
3,0.007891703
3,0.007891611
3,0.007891357
3,0.007891354
3,0.007892736
3,0.007892532
3,0.007891328
3,0.007890772
3,0.007891467
3,0.00789154
3,0.007892204
3,0.007891616
3,0.00789244
3,0.007891942
3,0.007892243
3,0.007891852
3,0.007890945
3,0.007891755
3,0.007891813
3,0.007892799
3,0.007891797
3,0.007893069
3,0.007893219
3,0.007891129
3,0.0078919
3,0.007892532
3,0.007892088
3,0.007892149
3,0.007892558
3,0.007892618
3,0.007891556
3,0.007891913
3,0.007891771
3,0.007892574
3,0.007892943
3,0.007892243
3,0.007892831
3,0.007891294
3,0.007891876
3,0.007891858
3,0.007892366
3,0.007892293
3,0.007892175
3,0.007891178
3,0.007892547
3,0.007892049
3,0.007892912
3,0.007891863
3,0.007892828
3,0.007891585
3,0.007892794
3,0.007893675
3,0.007891824
3,0.007893009
3,0.007891312
3,0.007891873
3,0.007893499
3,0.007891789
3,0.007892642
3,0.007892201
3,0.007893279
3,0.007892348
3,0.007893253
3,0.007892516
3,0.007892109
3,0.007892065
3,0.007893269
3,0.00789186
3,0.007892448
3,0.007893956
3,0.007892534
3,0.007891165
3,0.007891658
3,0.007891997
3,0.007891283
3,0.007892311
3,0.007891661
3,0.007892238
3,0.007891976
3,0.007891664
3,0.007892083
3,0.007892382
3,0.007892529
3,0.00789213
3,0.007892584
3,0.007892838
3,0.007891134
3,0.007892726
3,0.007892511
3,0.007891779
3,0.007892267
3,0.007892256
3,0.007892849
3,0.007891831
3,0.007890858
3,0.007892519
3,0.007892529
3,0.007891131
3,0.007891913
3,0.007890111
3,0.007891986
3,0.007891784
3,0.007891275
3,0.007891328
3,0.007891598
3,0.007891884
3,0.00789297
3,0.007891905
3,0.007891732
3,0.007891315
3,0.007892933
3,0.007892277
3,0.007891779
3,0.00789175
3,0.007892041
3,0.007892453
3,0.00789223
3,0.007891401
3,0.007891341
3,0.007892692
3,0.007891876
3,0.007891768
3,0.00789115
3,0.007891907
3,0.007892052
3,0.007892023
3,0.007892209
3,0.007892209
3,0.007892149
3,0.007891989
3,0.007892424
3,0.007892141
3,0.007892715
3,0.007892836
3,0.007892665
3,0.007892749
3,0.007892395
3,0.007891677
3,0.007892665
3,0.007892529
3,0.007892364
3,0.007893415
3,0.007891393
3,0.007893009
3,0.007892474
3,0.007892188
3,0.007892191
3,0.0078918
3,0.007892684
3,0.007893051
3,0.007892991
3,0.007892655
3,0.007893051
3,0.007891299
3,0.007893164
3,0.007893119
3,0.007891574
3,0.007892917
3,0.007892558
3,0.007893004
3,0.007893276
3,0.007891989
3,0.007893038
3,0.007890932
3,0.007892282
3,0.00789111
3,0.007893093
3,0.007892831
3,0.007892943
3,0.00789186
3,0.007893174
3,0.007892282
3,0.007891307
3,0.007892568
3,0.007893033
3,0.00789335
3,0.007892841
3,0.00789229
3,0.00789292
3,0.007893179
3,0.007892794
3,0.007891372
3,0.007892875
3,0.007893725
3,0.007893025
3,0.007893237
3,0.00789261
3,0.00789287
3,0.007892477
3,0.007892387
3,0.007893061
3,0.007892852
3,0.007893486
3,0.007893313
3,0.007892888
3,0.007892235
3,0.00789276
3,0.007892414
3,0.007891873
3,0.007892046
3,0.007892936
3,0.007893106
3,0.007892524
3,0.007893137
3,0.007892644
3,0.007893274
3,0.007894071
3,0.007893221
3,0.007892647
3,0.007893229
3,0.007892319
3,0.007892699
3,0.007891758
3,0.007893088
3,0.00789271
3,0.00789202
3,0.00789256
3,0.007891674
3,0.007893245
3,0.00789277
3,0.007892227
3,0.007891585
3,0.007892199
3,0.007892149
3,0.007892637
3,0.00789281
3,0.00789411
3,0.007892524
3,0.007892345
3,0.007892783
3,0.007891606
3,0.007893258
3,0.007892707
3,0.007892167
3,0.007892529
3,0.007892272
3,0.007891417
3,0.007893714
3,0.007892209
3,0.007892393
3,0.007893014
3,0.007892901
3,0.007892469
3,0.007893234
3,0.007892112
3,0.007892138
3,0.007891871
3,0.007892595
3,0.00789282
3,0.007892442
3,0.007892755
3,0.007892222
3,0.007892859
3,0.007892964
3,0.007891763
3,0.007891973
3,0.007893798
3,0.007893114
3,0.007892235
3,0.007893174
3,0.007892196
3,0.007892768
3,0.007891745
3,0.007893353
3,0.007892424
3,0.007892946
3,0.007893151
3,0.007892285
3,0.007892665
3,0.007891669
3,0.007892243
3,0.00789142
3,0.007892178
3,0.007892621
3,0.007892854
3,0.007892668
3,0.007892623
3,0.007893295
3,0.007893641
3,0.007892584
3,0.007892736
3,0.007893012
3,0.007893384
3,0.007892251
3,0.007892385
3,0.007893046
3,0.007892791
3,0.007892629
3,0.007892783
3,0.007893699
3,0.007891729
3,0.007894024
3,0.007893261
3,0.007892545
3,0.007893216
3,0.007892962
3,0.007892951
3,0.00789222
3,0.007893468
3,0.007894142
3,0.007892736
3,0.007893224
3,0.007892487
3,0.007894131
3,0.007893221
3,0.007892566
3,0.007894171
3,0.007892356
3,0.007891845
3,0.007893434
3,0.00789277
3,0.007892938
3,0.007892901
3,0.007893124
3,0.00789261
3,0.007894813
3,0.007892933
3,0.007892888
3,0.007893245
3,0.007893457
3,0.007893169
3,0.007892214
3,0.0078933
3,0.007892592
3,0.007894606
3,0.007892786
3,0.007893085
3,0.007893397
3,0.007893266
3,0.007892938
3,0.007892723
3,0.007892288
3,0.007893568
3,0.007893596
3,0.007892125
3,0.007893672
3,0.007893625
3,0.007893937
3,0.007892094
3,0.00789383
3,0.00789222
3,0.007892996
3,0.007893056
3,0.007892566
3,0.007892558
3,0.007894032
3,0.007893253
3,0.007892831
3,0.007893741
3,0.007894383
3,0.007892899
3,0.007892817
3,0.007894129
3,0.007893193
3,0.007893085
3,0.007892086
3,0.00789313
3,0.007893817
3,0.007893699
3,0.007892471
3,0.007893502
3,0.007893103
3,0.007893161
3,0.007892602
3,0.007893481
3,0.007893699
3,0.007892849
3,0.007892917
3,0.007892406
3,0.007893646
3,0.007894433
3,0.007893775
3,0.007894194
3,0.007892474
3,0.007893657
3,0.007894449
3,0.00789255
3,0.007893657
3,0.007893717
3,0.007894451
3,0.007892891
3,0.007893541
3,0.007894302
3,0.007894063
3,0.007893872
3,0.007894365
3,0.007893575
3,0.007893219
3,0.007894493
3,0.00789341
3,0.007895057
3,0.007893945
3,0.007893843
3,0.00789372
3,0.007892566
3,0.007893132
3,0.007894323
3,0.007895041
3,0.007893392
3,0.007893332
3,0.007893856
3,0.007893903
3,0.007892398
3,0.007893187
3,0.007893415
3,0.007893895
3,0.007893594
3,0.007894265
3,0.007893455
3,0.007893956
3,0.007893801
3,0.007893124
3,0.007893463
3,0.007894685
3,0.007894207
3,0.007893908
3,0.007893672
3,0.007893056
3,0.007893457
3,0.007893636
3,0.007893494
3,0.007893958
3,0.007892707
3,0.007893418
3,0.00789405
3,0.007894108
3,0.007893636
3,0.007894255
3,0.007893082
3,0.007893827
3,0.007893709
3,0.007892613
3,0.007893688
3,0.007893046
3,0.007893182
3,0.007893678
3,0.007892597
3,0.007893838
3,0.00789324
3,0.007894929
3,0.007893562
3,0.007893922
3,0.007894299
3,0.007893856
3,0.007892209
3,0.007894168
3,0.007893888
3,0.007894438
3,0.007892985
3,0.007894076
3,0.007893754
3,0.007893452
3,0.007893371
3,0.007893308
3,0.007895123
3,0.007893945
3,0.007894231
3,0.007893874
3,0.007894242
3,0.007892718
3,0.007894331
3,0.007893371
3,0.007894541
3,0.007895304
3,0.007894853
3,0.007893832
3,0.007893596
3,0.007893691
3,0.007894575
3,0.007894134
3,0.007892665
3,0.007894016
3,0.007895312
3,0.007892817
3,0.007893397
3,0.007893969
3,0.007894349
3,0.007895118
3,0.007893617
3,0.007893688
3,0.00789501
3,0.007893093
3,0.00789325
3,0
3,0
3,0
3,0
3,0
3,0
3,0
3,0
3,0
3,0
3,0
3,0
3,0
3,0
3,0
3,0
3,0
3,0
3,0
3,0
3,0
3,0
3,0
3,0
3,0
3,0
3,0
3,0
3,0
3,0
3,0
3,0
3,0
3,0
3,0
3,0
3,0
3,0
3,0
3,0
3,0
3,0
3,0
3,0
3,0
3,0
3,0
3,0
3,0
3,0
3,0
3,0
3,0
3,0
3,0
3,0
3,0
3,0
3,0
3,0
3,0
3,0
3,0
3,0
3,0
3,0
3,0
3,0
3,0
3,0
3,0
3,0
3,0
3,0
3,0
3,0
3,0
3,0
3,0
3,0
3,0
3,0
3,0
3,0
3,0
3,0
3,0
3,0
3,0
3,0
3,0
3,0
3,0
3,0
3,0
3,0
3,0
3,0
3,0
3,0
3,0
3,0
3,0
3,0
3,0
3,0
3,0
3,0
3,0
3,0
3,0
3,0
3,0
3,0
3,0
3,0
3,0
3,0
3,0
3,0
3,0
3,0
3,0
3,0
3,0
3,0
3,0
3,0
3,0
3,0
3,0
3,0
3,0
3,0
3,0
3,0
3,0
3,0
3,0
3,0
3,0
3,0
3,0
3,0
3,0
3,0
3,0
3,0
3,0
3,0
3,0
3,0
3,0
3,0
3,0
3,0
3,0
3,0
3,0
3,0
3,0
3,0
3,0
3,0
3,0
3,0
3,0
3,0
3,0
3,0
3,0
3,0
3,0
3,0
3,0
3,0
3,0
3,0
3,0
3,0
3,0
3,0
3,0
3,0
3,0
3,0
3,0
3,0
3,0
3,0
3,0
3,0
3,0
3,0
3,0
3,0
3,0
3,0
3,0
3,0
3,0
3,0
3,0
3,0
3,0
3,0
3,0
3,0
3,0
3,0
3,0
3,0
3,0
3,0
3,0
3,0
3,0
3,0
3,0
3,0
3,0
3,0
3,0
3,0
3,0
3,0
3,0
3,0
3,0
3,0
3,0
3,0
3,0
3,0
3,0
3,0
3,0
3,0
3,0
3,0
3,0
3,0
3,0
3,0
3,0
3,0
3,0
3,0
3,0
3,0
3,0
3,0
4,0.009856996
4,0.009858347
4,0.009858449
4,0.009859262
4,0.009858116
4,0.009858714
4,0.00985846
4,0.009858764
4,0.009859047
4,0.009858444
4,0.009858402
4,0.009858606
4,0.009858683
4,0.009858391
4,0.009859322
4,0.009857707
4,0.009858344
4,0.009857555
4,0.009857557
4,0.00985836
4,0.009858258
4,0.009857946
4,0.009858717
4,0.009858349
4,0.009860122
4,0.009858748
4,0.009858342
4,0.009858743
4,0.009858871
4,0.009857869
4,0.009858593
4,0.009857932
4,0.009858158
4,0.009858279
4,0.009858976
4,0.009858638
4,0.00985911
4,0.009858772
4,0.009858538
4,0.009857849
4,0.00985771
4,0.009858919
4,0.009858032
4,0.009857447
4,0.009858533
4,0.009857872
4,0.009858391
4,0.009858599
4,0.009858399
4,0.00985773
4,0.00985771
4,0.00985938
4,0.009858525
4,0.009856569
4,0.009857618
4,0.009859388
4,0.009858454
4,0.009859317
4,0.009859498
4,0.009858877
4,0.009857982
4,0.009859252
4,0.009857804
4,0.009858533
4,0.009858035
4,0.009858425
4,0.009859514
4,0.009858061
4,0.009857717
4,0.009858633
4,0.00985793
4,0.009857471
4,0.009858908
4,0.009858187
4,0.009859414
4,0.009857529
4,0.009857951
4,0.00985826
4,0.009859488
4,0.009858441
4,0.009857455
4,0.00985821
4,0.009857759
4,0.009858496
4,0.009858588
4,0.009859865
4,0.009857214
4,0.009858166
4,0.009858504
4,0.009858976
4,0.00986002
4,0.009858609
4,0.009859582
4,0.00985884
4,0.009859385
4,0.009857964
4,0.009858727
4,0.009857872
4,0.009857974
4,0.009859939
4,0.009859299
4,0.009859522
4,0.009859975
4,0.009858764
4,0.009859941
4,0.009858617
4,0.009858247
4,0.009859433
4,0.009858811
4,0.009859259
4,0.009858984
4,0.009858481
4,0.009859362
4,0.009859506
4,0.009859149
4,0.009859892
4,0.009858058
4,0.009859409
4,0.00985921
4,0.009857927
4,0.009859086
4,0.009858646
4,0.009858302
4,0.009859204
4,0.009857542
4,0.009858066
4,0.009858625
4,0.009858092
4,0.009858829
4,0.009859375
4,0.00985841
4,0.009858108
4,0.009859047
4,0.009858218
4,0.009858132
4,0.009858599
4,0.009860044
4,0.009859199
4,0.009858213
4,0.009859197
4,0.009860017
4,0.00985794
4,0.009858488
4,0.009859488
4,0.009859464
4,0.009858979
4,0.009858415
4,0.009859288
4,0.009858662
4,0.009859215
4,0.009859645
4,0.009859
4,0.009858995
4,0.009859
4,0.009859349
4,0.009858696
4,0.009859595
4,0.009860285
4,0.009858297
4,0.009859084
4,0.009859275
4,0.009857001
4,0.009859745
4,0.009859572
4,0.009859359
4,0.009859134
4,0.009859231
4,0.009858656
4,0.009858979
4,0.009860322
4,0.009859309
4,0.009859039
4,0.009859333
4,0.009859391
4,0.009858793
4,0.009857901
4,0.009859894
4,0.009858339
4,0.009859606
4,0.009859359
4,0.009860975
4,0.009860484
4,0.009860875
4,0.009859886
4,0.009858465
4,0.009860453
4,0.009858502
4,0.009858517
4,0.009859818
4,0.009859716
4,0.009858646
4,0.00986013
4,0.009858863
4,0.009859176
4,0.009859018
4,0.009859055
4,0.009858504
4,0.009861077
4,0.009859603
4,0.009858892
4,0.009859503
4,0.009859013
4,0.009859393
4,0.009859131
4,0.009859522
4,0.009858271
4,0.009859212
4,0.009859396
4,0.009860555
4,0.009858905
4,0.009859317
4,0.009858111
4,0.009859897
4,0.00985985
4,0.009858397
4,0.009859055
4,0.009859498
4,0.009860597
4,0.009860172
4,0.009860067
4,0.009860065
4,0.009859215
4,0.009860324
4,0.009860718
4,0.00985944
4,0.009859223
4,0.009859687
4,0.009859299
4,0.009860211
4,0.009858785
4,0.00986012
4,0.009859661
4,0.009859459
4,0.009859724
4,0.00985932
4,0.009859388
4,0.009858869
4,0.00985852
4,0.009860093
4,0.009859309
4,0.009860033
4,0.009859923
4,0.009858751
4,0.009859902
4,0.009858006
4,0.00986002
4,0.009860151
4,0.00985905
4,0.009860364
4,0.009859451
4,0.009859501
4,0.009859021
4,0.009861287
4,0.009859493
4,0.009859044
4,0.009859215
4,0.009859204
4,0.009859981
4,0.009858197
4,0.009859936
4,0.00985905
4,0.009860238
4,0.009859
4,0.009859506
4,0.009859115
4,0.009859629
4,0.00986087
4,0.009859475
4,0.009859307
4,0.009860246
4,0.00985879
4,0.009860476
4,0.009860277
4,0.009860125
4,0.009858743
4,0.00985878
4,0.009859178
4,0.009859296
4,0.009859991
4,0.009860125
4,0.009859467
4,0.00986061
4,0.009857846
4,0.009858942
4,0.009859183
4,0.009860558
4,0.009860303
4,0.009859236
4,0.00985869
4,0.009859582
4,0.009859886
4,0.009859758
4,0.009860219
4,0.009859005
4,0.009859774
4,0.009859485
4,0.009860036
4,0.009860109
4,0.00986008
4,0.009858905
4,0.009860665
4,0.009859585
4,0.009860007
4,0.009860031
4,0.009861059
4,0.009859831
4,0.009858722
4,0.009859705
4,0.00985922
4,0.009859936
4,0.009859915
4,0.009859071
4,0.009859422
4,0.009859697
4,0.009859839
4,0.009861182
4,0.009859755
4,0.009859676
4,0.009859768
4,0.009859464
4,0.009860471
4,0.009860133
4,0.009860319
4,0.009858947
4,0.00986029
4,0.009860046
4,0.009858774
4,0.009861441
4,0.009860775
4,0.009859947
4,0.009860757
4,0.00986092
4,0.009860723
4,0.009858947
4,0.009861295
4,0.009859815
4,0.009860104
4,0.009860269
4,0.009861006
4,0.009859506
4,0.009859954
4,0.009859181
4,0.009858507
4,0.009861418
4,0.009860531
4,0.009859509
4,0.009859204
4,0.009860531
4,0.009861066
4,0.009860128
4,0.009861379
4,0.009859286
4,0.009860382
4,0.009859
4,0.009860421
4,0.009858591
4,0.009861216
4,0.009859944
4,0.009859865
4,0.009859766
4,0.009859616
4,0.009859336
4,0.009859949
4,0.009859535
4,0.009859863
4,0.009860723
4,0.009860878
4,0.009859965
4,0.009859157
4,0.009860794
4,0.009859459
4,0.009858738
4,0.009859585
4,0.009859999
4,0.00986033
4,0.009860597
4,0.00986104
4,0.009860274
4,0.009859878
4,0.009860909
4,0.009860253
4,0.009861245
4,0.009860448
4,0.009860282
4,0.009860277
4,0.009859682
4,0.009860411
4,0.009859973
4,0.00985991
4,0.009859482
4,0.009859189
4,0.009860083
4,0.009860232
4,0.009859377
4,0.009860075
4,0.009860712
4,0.009860413
4,0.009860091
4,0.009859472
4,0.009860259
4,0.009858562
4,0.009860684
4,0.009859435
4,0.009859199
4,0.009860301
4,0.009859503
4,0.009860851
4,0.009859333
4,0.009859459
4,0.009859472
4,0.009860122
4,0.00985949
4,0.009859873
4,0.00986071
4,0.009859425
4,0.009859595
4,0.009859763
4,0.009860264
4,0.009860246
4,0.009859684
4,0.00985964
4,0.009860445
4,0.009860306
4,0.009860681
4,0.009859944
4,0.00986136
4,0.009859747
4,0.009860639
4,0.009860503
4,0.009859535
4,0.009860371
4,0.009859498
4,0.009861192
4,0.00986017
4,0.009860419
4,0.009860059
4,0.009860686
4,0.009860004
4,0.009860154
4,0.009861413
4,0.009860618
4,0.009859763
4,0.009860272
4,0.009861187
4,0.009858921
4,0.009859548
4,0.00986013
4,0.009859207
4,0.009860301
4,0.009859577
4,0.009860851
4,0.009860356
4,0.009860461
4,0.009860246
4,0.009860371
4,0.00986067
4,0.009859886
4,0.009861009
4,0.009860353
4,0.009860204
4,0.009859433
4,0.009860159
4,0.009860065
4,0.009860492
4,0.009860579
4,0.009860007
4,0.009860282
4,0.009859794
4,0.009860854
4,0.009859697
4,0.009860778
4,0.009861108
4,0.009860508
4,0.009860964
4,0.00986083
4,0.009860442
4,0.009859779
4,0.009861064
4,0.009860702
4,0.009860471
4,0.009860634
4,0.009860628
4,0
4,0
4,0
4,0
4,0
4,0
4,0
4,0
4,0
4,0
4,0
4,0
4,0
4,0
4,0
4,0
4,0
4,0
4,0
4,0
4,0
4,0
4,0
4,0
4,0
4,0
4,0
4,0
4,0
4,0
4,0
4,0
4,0
4,0
4,0
4,0
4,0
4,0
4,0
4,0
4,0
4,0
4,0
4,0
4,0
4,0
4,0
4,0
4,0
4,0
4,0
4,0
4,0
4,0
4,0
4,0
4,0
4,0
4,0
4,0
4,0
4,0
4,0
4,0
4,0
4,0
4,0
4,0
4,0
4,0
4,0
4,0
4,0
4,0
4,0
4,0
4,0
4,0
4,0
4,0
4,0
4,0
4,0
4,0
4,0
4,0
4,0
4,0
4,0
4,0
4,0
4,0
4,0
4,0
4,0
4,0
4,0
4,0
4,0
4,0
4,0
4,0
4,0
4,0
4,0
4,0
4,0
4,0
4,0
4,0
4,0
4,0
4,0
4,0
4,0
4,0
4,0
4,0
4,0
4,0
4,0
4,0
4,0
4,0
4,0
4,0
4,0
4,0
4,0
4,0
4,0
4,0
4,0
4,0
4,0
4,0
4,0
4,0
4,0
4,0
4,0
4,0
4,0
4,0
4,0
4,0
4,0
4,0
4,0
4,0
4,0
4,0
4,0
4,0
4,0
4,0
4,0
4,0
4,0
4,0
4,0
4,0
4,0
4,0
4,0
4,0
4,0
4,0
4,0
4,0
4,0
4,0
4,0
4,0
4,0
4,0
4,0
4,0
4,0
4,0
4,0
4,0
4,0
4,0
4,0
4,0
4,0
4,0
4,0
4,0
4,0
4,0
4,0
4,0
4,0
4,0
4,0
4,0
4,0
4,0
4,0
4,0
4,0
4,0
4,0
4,0
4,0
4,0
4,0
4,0
4,0
4,0
4,0
4,0
4,0
4,0
4,0
4,0
4,0
4,0
4,0
4,0
4,0
4,0
4,0
4,0
4,0
4,0
4,0
4,0
4,0
4,0
4,0
4,0
4,0
4,0
4,0
4,0
4,0
4,0
4,0
4,0
4,0
4,0
4,0
4,0
4,0
4,0
4,0
4,0
4,0
4,0
4,0
4,0
4,0
4,0
4,0
4,0
4,0
4,0
4,0
4,0
4,0
4,0
4,0
4,0
4,0
4,0
4,0
4,0
4,0
4,0
4,0
4,0
4,0
4,0
4,0
4,0
4,0
4,0
4,0
4,0
4,0
4,0
4,0
4,0
4,0
4,0
4,0
4,0
4,0
4,0
4,0
4,0
4,0
4,0
4,0
4,0
4,0
4,0
4,0
4,0
4,0
4,0
4,0
4,0
4,0
4,0
4,0
4,0
4,0
4,0
4,0
4,0
4,0
4,0
4,0
4,0
4,0
4,0
4,0
4,0
4,0
4,0
4,0
4,0
4,0
4,0
4,0
4,0
4,0
4,0
4,0
4,0
4,0
4,0
4,0
4,0
4,0
4,0
4,0
4,0
4,0
4,0
4,0
4,0
4,0
4,0
4,0
4,0
4,0
4,0
4,0
4,0
4,0
4,0
4,0
4,0
4,0
4,0
4,0
4,0
4,0
4,0
4,0
4,0
4,0
4,0
4,0
4,0
4,0
4,0
4,0
4,0
4,0
4,0
4,0
4,0
4,0
4,0
4,0
4,0
4,0
4,0
4,0
4,0
4,0
4,0
4,0
4,0
4,0
4,0
4,0
4,0
4,0
4,0
4,0
4,0
4,0
4,0
4,0
4,0
4,0
4,0
4,0
4,0
4,0
4,0
4,0
4,0
4,0
4,0
4,0
4,0
4,0
4,0
4,0
4,0
4,0
4,0
4,0
4,0
4,0
4,0
4,0
4,0
4,0
4,0
4,0
4,0
4,0
4,0
4,0
4,0
4,0
4,0
4,0
4,0
4,0
4,0
4,0
4,0
4,0
4,0
4,0
4,0
4,0
4,0
4,0
4,0
4,0
4,0
4,0
4,0
4,0
4,0
4,0
4,0
4,0
4,0
4,0
4,0
4,0
4,0
4,0
4,0
4,0
4,0
4,0
4,0
4,0
4,0
4,0
4,0
4,0
4,0
4,0
4,0
4,0
4,0
4,0
4,0
4,0
4,0
4,0
4,0
4,0
4,0
4,0
4,0
4,0
4,0
4,0
4,0
4,0
4,0
4,0
4,0
4,0
4,0
4,0
4,0
4,0
4,0
4,0
4,0
4,0
4,0
4,0
4,0
4,0
4,0
4,0
4,0
4,0
4,0
4,0
4,0
4,0.009860093
4,0.009859944
4,0.009860183
4,0.009860104
4,0.009860956
4,0.009859611
4,0.009860594
4,0.009860825
4,0.009859928
4,0.009860644
4,0.009860867
4,0.009860419
4,0.009860566
4,0.009860038
4,0.009859774
4,0.009861389
4,0.009861562
4,0.009862068
4,0.009860676
4,0.009860295
4,0.009860794
4,0.009861111
4,0.009862092
4,0.009860555
4,0.0098598
4,0.009860392
4,0.009861549
4,0.00986115
4,0.009860545
4,0.009861371
4,0.009861116
4,0.009861224
4,0.009860844
4,0.009860825
4,0.009860539
4,0.009861782
4,0.009861082
4,0.009861937
4,0.009862199
4,0.009860639
4,0.009860343
4,0.009860251
4,0.00986092
4,0.009860951
4,0.00986124
4,0.009860272
4,0.009860917
4,0.009861143
4,0.009861743
4,0.009861512
4,0.009860865
4,0.009860657
4,0.009860993
4,0.009860891
4,0.009860825
4,0.009860723
4,0.009860988
4,0.009860545
4,0.0098621
4,0.009860316
4,0.009860088
4,0.009860862
4,0.009860844
4,0.009860702
4,0.009861578
4,0.009861213
4,0.00986093
4,0.009861035
4,0.009860775
4,0.009860516
4,0.009860314
4,0.009862546
4,0.009860314
4,0.00986076
4,0.009860196
4,0.009860261
4,0.009859228
4,0.009860125
4,0.009859627
4,0.009861093
4,0.009859273
4,0.009860948
4,0.009859968
4,0.009860282
4,0.009859233
4,0.009860004
4,0.009861431
4,0.009859855
4,0.009859249
4,0.009860539
4,0.009859821
4,0.009859509
4,0.009860448
4,0.009860327
4,0.009859603
4,0.009859697
4,0.009859716
4,0.009860067
4,0.009859503
4,0.009859089
4,0.009860408
4,0.009859781
4,0.009859645
4,0.009859021
4,0.009858407
4,0.009859968
4,0.00985992
4,0.009860639
4,0.009859897
4,0.00985901
4,0.009858717
4,0.009860371
4,0.009860424
4,0.009860589
4,0.009860718
4,0.009859569
4,0.009859115
4,0.009858845
4,0.00985853
4,0.009859139
4,0.009859687
4,0.009859535
4,0.009859183
4,0.009859524
4,0.00985927
4,0.00985894
4,0.00986017
4,0.009859246
4,0.009859653
4,0.009859425
4,0.009859684
4,0.009859939
4,0.009859246
4,0.009858963
4,0.009860122
4,0.009861179
4,0.00985949
4,0.009859732
4,0.009862328
4,0.009859223
4,0.009858399
4,0.009859412
4,0.009859705
4,0.009858717
4,0.009859642
4,0.009858677
4,0.009859189
4,0.0098604
4,0.009860004
4,0.009859409
4,0.009859105
4,0.00985991
4,0.009859485
4,0.009859467
4,0.009860463
4,0.009858609
4,0.009859826
4,0.009860159
4,0.009861211
4,0.009859577
4,0.009860663
4,0.009861567
4,0.009860865
4,0.009860427
4,0.009859865
4,0.009860788
4,0.009859598
4,0.009860487
4,0.009860893
4,0.009860854
4,0.009859225
4,0.009860219
4,0.009859527
4,0.009859454
4,0.009859928
4,0.009859797
4,0.009860983
4,0.00986002
4,0.00986023
4,0.009860644
4,0.009860634
4,0.009860584
4,0.009860715
4,0.009860749
4,0.009859996
4,0.009860353
4,0.009860424
4,0.009860327
4,0.009859461
4,0.009861483
4,0.009860183
4,0.009860358
4,0.009860088
4,0.009859653
4,0.009859776
4,0.009861546
4,0.009860628
4,0.009860293
4,0.00986098
4,0.00986055
4,0.009860358
4,0.009860314
4,0.009859244
4,0.009860196
4,0.009859516
4,0.009861523
4,0.00986013
4,0.009860437
4,0.009860867
4,0.009860605
4,0.009861017
4,0.009861468
4,0.009860975
4,0.009860248
4,0.009860967
4,0.009861069
4,0.009860663
4,0.009861051
4,0.009860723
4,0.009860723
4,0.009860581
4,0.009861339
4,0.009859349
4,0.00986099
4,0.00986013
4,0.009860573
4,0.009860673
4,0.009860893
4,0.009859792
4,0.009860707
4,0.009859789
4,0.009861544
4,0.009859711
4,0.009860699
4,0.009861224
4,0.009860985
4,0.009860628
4,0.009861344
4,0.009861507
4,0.009860534
4,0.009861439
4,0.009860091
4,0.009861788
4,0.009861069
4,0.009861483
4,0.009860802
4,0.009861604
4,0.009860411
4,0.009860345
4,0.009860413
4,0.009860846
4,0.009861654
4,0.009861292
4,0.009859409
4,0.009861051
4,0.009860893
4,0.009860413
4,0.00986056
4,0.009861074
4,0.009860513
4,0.00986088
4,0.00986071
4,0.00986115
4,0.009860482
4,0.009860309
4,0.009860277
4,0.009860319
4,0.009861226
4,0.009861169
4,0.00986115
4,0.009860246
4,0.009860248
4,0.009861958
4,0.009861344
4,0.009861038
4,0.009861486
4,0.009860812
4,0.009860531
4,0.009860607
4,0.009860411
4,0.00986124
4,0.009861775
4,0.009860335
4,0.009860584
4,0.009861845
4,0.009862013
4,0.00986194
4,0.009860185
4,0.009860521
4,0.009861024
4,0.009861948
4,0.009861344
4,0.009860988
4,0.009861759
4,0.009862275
4,0.009862388
4,0.009860741
4,0.009861657
4,0.009861397
4,0.009861546
4,0.009861531
4,0.009862249
4,0.009860865
4,0.00986124
4,0.009861122
4,0.009861216
4,0.009862294
4,0.009860615
4,0.009860951
4,0.009862289
4,0.009861439
4,0.009861211
4,0.009861966
4,0.009860828
4,0.009861974
4,0.009862155
4,0.009861811
4,0.009862168
4,0.009861363
4,0.009862152
4,0.009861641
4,0.009859821
4,0.009861205
4,0.009861111
4,0.009862296
4,0.009861827
4,0.009861785
4,0.009861468
4,0.009860432
4,0.009862286
4,0.009860859
4,0.009861693
4,0.009861966
4,0.009861756
4,0.009861924
4,0.009862373
4,0.009861292
4,0.009861137
4,0.00986178
4,0.009861211
4,0.009860193
4,0.009862611
4,0.009863385
4,0.00986152
4,0.009861969
4,0.009862047
4,0.009861578
4,0.009862152
4,0.009861179
4,0.009862422
4,0.009861101
4,0.009860962
4,0.009860639
4,0.009861541
4,0.009862249
4,0.009861177
4,0.009861263
4,0.00986156
4,0.009861591
4,0.009861914
4,0.009862543
4,0.009862089
4,0.009861384
4,0.009862192
4,0.009862952
4,0.00986146
4,0.009861156
4,0.009861284
4,0.009860893
4,0.009862095
4,0.009861764
4,0.009860796
4,0.009861696
4,0.009862412
4,0.009861224
4,0.009862042
4,0.009860906
4,0.009861478
4,0.009861719
4,0.009862275
4,0.009861339
4,0.009860545
4,0.009861675
4,0.009862113
4,0.009862564
4,0.009861738
4,0.009861266
4,0.009861507
4,0.009861785
4,0.009861843
4,0.009861439
4,0.009861796
4,0.009862352
4,0.009862121
4,0.009861557
4,0.009862538
4,0.009861274
4,0.009861045
4,0.009861935
4,0.009862365
4,0.009861381
4,0.009861127
4,0.009862042
4,0.009861869
4,0.009861643
4,0.009860998
4,0.009861276
4,0.009861924
4,0.009861166
4,0.009861554
4,0.009861662
4,0.009862312
4,0.009861066
4,0.009861856
4,0.009861879
4,0.00986167
4,0.009861486
4,0.009861541
4,0.009862677
4,0.009861699
4,0.009861174
4,0.009861743
4,0.009861045
4,0.009861898
4,0.009862375
4,0.009862989
4,0.009862176
4,0.00986199
4,0.009862671
4,0.009861615
4,0.009861468
4,0.009861659
4,0.009862359
4,0.009860804
4,0.009863094
4,0.009861468
4,0.009862018
4,0.009862692
4,0.009861856
4,0.009862593
4,0.009862084
4,0.00986189
4,0.009861098
4,0.009861714
4,0.009862512
4,0.009861266
4,0.009861072
4,0.009861297
4,0.009862016
4,0.009861788
4,0.009863167
4,0.009862362
4,0.009860584
4,0.009861145
4,0.009861323
4,0.009861733
4,0.009861053
4,0.00986099
4,0.009860644
4,0.009861502
4,0.009861129
4,0.00986088
4,0.009861407
4,0.009861132
4,0.00986104
4,0.009861486
4,0.009861948
4,0.00986184
4,0.009861428
4,0.009863159
4,0.009861919
4,0.009861224
4,0.009862331
4,0.009861418
4,0.00986194
4,0.009861557
4,0.009862527
4,0.009860746
4,0.009862491
4,0.009861465
4,0.009862913
4,0.009862973
4,0.009861995
4,0.009862577
4,0.009861719
4,0.009862931
4,0.009862514
4,0.009861554
4,0.009862716
4,0.009862275
4,0.009862897
4,0.009862514
4,0.009862281
4,0.009863201
4,0.009862249
4,0.009863028
4,0.009862483
4,0.009862307
4,0.009862525
4,0.009861232
4,0.009861365
4,0.009862456
4,0.009861675
4,0.009861772
4,0.009862538
4,0.009862504
4,0.009862561
4,0.009862748
4,0.009862275
4,0.009862142
4,0.009862071
4,0.009861872
4,0.009863159
4,0.009862517
4,0.009862894
4,0.009861927
4,0.009861877
4,0.009862572
4,0.009863154
4,0.009862595
4,0.009863275
4,0.009862837
4,0.009862087
4,0.009862291
4,0.00986055
4,0.009863359
4,0.009861811
4,0.009861567
4,0.009862538
4,0.009862139
4,0.009861588
4,0.009861966
4,0.009862173
4,0.009861599
4,0.009861746
4,0.009862239
4,0.009862047
4,0.009862963
4,0.009862664
4,0.0098612
4,0.009861858
4,0.009862582
4,0.009862218
4,0.009862341
4,0.009862346
4,0.009862546
4,0.009862491
4,0.00986307
4,0.009861596
4,0.009862627
4,0.0098614
4,0.009862202
4,0.009861814
4,0.009862522
4,0.009863288
4,0.00986184
4,0.009862115
4,0.009862021
4,0.009862205
4,0.009863246
4,0.009862653
4,0.009861942
4,0.00986242
4,0.00986183
4,0.009862449
4,0.009862357
4,0.009861405
4,0.009862011
4,0.009862674
4,0.009861971
4,0.009863204
4,0.009862685
4,0.009861966
4,0.009861798
4,0.00986291
4,0.00986349
4,0.009862202
4,0.009862399
4,0.009862281
4,0.009862656
4,0.009861982
4,0.009862616
4,0.009862092
4,0.009862055
4,0.009862758
4,0.009863057
4,0.009861704
4,0.009862294
4,0.009863348
4,0.009862648
4,0.009862199
4,0.009863123
4,0.009861502
4,0.009861893
4,0.009862803
4,0.009861659
4,0.009862459
4,0.009862968
4,0.009862632
4,0.009863183
4,0.009862446
4,0.009863411
4,0.009861515
4,0.009862766
4,0.009863288
4,0.009862991
4,0.009864282
4,0.009862341
4,0.009862462
4,0.00986285
4,0.00986322
4,0.009861956
4,0.009861809
4,0.009862414
4,0.009861919
4,0.009862868
4,0.009862136
4,0.009861803
4,0.009862425
4,0.009863206
4,0.009863267
4,0.009862517
4,0.009862178
4,0.009863576
4,0.009863608
4,0.009861478
4,0.009862367
4,0.009863642
4,0.00986104
4,0.009862724
4,0.009861937
4,0.009862443
4,0.0098613
4,0.009861903
4,0.009863553
4,0.009862467
4,0.009863298
4,0.009862388
4,0.009862669
4,0.009862029
4,0.009863458
4,0.009863999
4,0.009861232
4,0.009862089
4,0.009862097
4,0.009863547
4,0.009863277
4,0.009862677
4,0.009862181
4,0.009862614
4,0.009862661
4,0.009863673
4,0.009862192
4,0.009862294
4,0.009862748
4,0.009862805
4,0.009863432
4,0.0098629
4,0.009862477
4,0.009863655
4,0.009862401
4,0.009862275
4,0.009863477
4,0.009862349
4,0.009862908
4,0.009863749
4,0.009863269
4,0.009864995
4,0.009863445
4,0.009862876
4,0.009862349
4,0.009863036
4,0.009863786
4,0.009863049
4,0.009863665
4,0.009862273
4,0.00986398
4,0.009862734
4,0.009862637
4,0.009861578
4,0.009863028
4,0.009863304
4,0.009862727
4,0.009863227
4,0.009862855
4,0.009863136
4,0.009864374
4,0.009862879
4,0.009863317
4,0.009862837
4,0.009862286
4,0.009863364
4,0.009862252
4,0.009862519
4,0.009863545
4,0.009862805
4,0.009862986
4,0.009863044
4,0.00986345
4,0.009863484
4,0.009863047
4,0.0098612
4,0.009864295
4,0.009861853
4,0.00986377
4,0.009862695
4,0.009862501
4,0.009863466
4,0.009863435
4,0.009862776
4,0.009863235
4,0.009863789
4,0.009862556
4,0.009862477
4,0.009862026
4,0.009862367
4,0.009863731
4,0.009863655
4,0.009863723
4,0.009862616
4,0.009863427
4,0.009863576
4,0.009863831
4,0.0098635
4,0.009863702
4,0.009864224
4,0.00986329
4,0.0098629
4,0.009864245
4,0.009863783
4,0.009862748
4,0.009863018
4,0.009863209
4,0.009863104
4,0.009863353
4,0.009863679
4,0.009863018
4,0.009863783
4,0.009863584
4,0.009863204
4,0.009863797
4,0.009863403
4,0.009862682
4,0.009862386
4,0.009861685
4,0.009864001
4,0.009863579
4,0.009862289
4,0.009864208
4,0.009863692
4,0.009863186
4,0.009862546
4,0.009864033
4,0.009862976
4,0.009862674
4,0.00986222
4,0.009863235
4,0.009863188
4,0.009863773
4,0.009863978
4,0.0098628
4,0.009862923
4,0.009863154
4,0.009862986
4,0.00986382
4,0.009863332
4,0.009862889
4,0.009863941
4,0.009864334
4,0.009863629
4,0.009863972
4,0.009863332
4,0.009863755
4,0.009863749
4,0.00986382
4,0.009863505
4,0.009863471
4,0.009864756
4,0.009863345
4,0.009863159
4,0.009862695
4,0.009862986
4,0.009863566
4,0.009863582
4,0.009864326
4,0.009863393
4,0.009863075
4,0.009864534
4,0.009863443
4,0.009863873
4,0.009863899
4,0.009863791
4,0.009863883
4,0.009863862
4,0.009863623
4,0.00986329
4,0.009864452
4,0.009864271
4,0.009864096
4,0.009864594
4,0.009863865
4,0.00986306
4,0.009864124
4,0.009864502
4,0.00986499
4,0.009864135
4,0.00986328
4,0.009863154
4,0.009863786
4,0.009863642
4,0.009864318
4,0.009862929
4,0.009864027
4,0.009862952
4,0.00986306
4,0.009863726
4,0.009863128
4,0.009863277
4,0.00986387
4,0.009862553
4,0.009862435
4,0.009862703
4,0.009863833
4,0.009863571
4,0.009863123
4,0.009863794
4,0.009862656
4,0.009863841
4,0.009865189
4,0.009863707
4,0.009864499
4,0.009865425
4,0.009864313
4,0.009863665
4,0.009863293
4,0.009862302
4,0.009865118
4,0.009862881
4,0.009863419
4,0.009864025
4,0.009865129
4,0.00986318
4,0.009863637
4,0.009862921
4,0.009863524
4,0.009864641
4,0.009862666
4,0.009864798
4,0.009863561
4,0.009863532
4,0.009863896
4,0.009864182
4,0.009864069
4,0.009863626
4,0.009865546
4,0.009863225
4,0.009863327
4,0.009863985
4,0.009864161
4,0.009863298
4,0.009864145
4,0.009864735
4,0.009864253
4,0.009862986
4,0.009864326
4,0.009863807
4,0.00986366
4,0.009863671
4,0.009864418
4,0.009863498
4,0.009863883
4,0.009863464
4,0.009865438
4,0.009863881
4,0.009863623
4,0.009863597
4,0.009863144
4,0.009864974
4,0.009865045
4,0.009864235
4,0.009864159
4,0.00986339
4,0.009863435
4,0.009863317
4,0.009863658
4,0.009864345
4,0.009863403
4,0.009863429
4,0.009862866
4,0.009863844
4,0.009862858
4,0.009863516
4,0.009863033
4,0.009864586
4,0.00986297
4,0.009863387
4,0.009862299
4,0.00986279
4,0.009863212
4,0.00986313
4,0.009864072
4,0.009863694
4,0.009864856
4,0.009864429
4,0.00986413
4,0.009862483
4,0.00986344
4,0.009864033
4,0.009863561
4,0.009863922
4,0.009864033
4,0.009864478
4,0.009863377
4,0.009864072
4,0.009863778
4,0.00986403
4,0.009864256
4,0.009864859
4,0.009863925
4,0.009864686
4,0.009863789
4,0.009863936
4,0.00986435
4,0.009863437
4,0.009863571
4,0.009863634
4,0.009864644
4,0.009864754
4,0.009863985
4,0.009863692
4,0.009864762
4,0.009863574
4,0.009862795
4,0.009863723
4,0.009864439
4,0.009864161
4,0.009864077
4,0.009864515
4,0.009864009
4,0.009864612
4,0.009863854
4,0.009864198
4,0.009863526
4,0.009862989
4,0.009864101
4,0.009864216
4,0.0098643
4,0.009864819
4,0.009863401
4,0.009863967
4,0.009864688
4,0.00986456
4,0.009864389
4,0.009864405
4,0.009864937
4,0.009864395
4,0.009864741
4,0.009865698
4,0.009864135
4,0.009864547
4,0.009863752
4,0.009863713
4,0.009864846
4,0.009863592
4,0.009863427
4,0.009863967
4,0.009864725
4,0.009863726
4,0.009863587
4,0.009864337
4,0.009864507
4,0.00986478
4,0.009864392
4,0.009863802
4,0.009864602
4,0.009863797
4,0.009865609
4,0.009863954
4,0.009862559
4,0.009864998
4,0.009864143
4,0.009864001
4,0.009864846
4,0.00986381
4,0.009864497
4,0.009863726
4,0.009865252
4,0.009863115
4,0.009864691
4,0.009862616
4,0.00986366
4,0.009863422
4,0.009862989
4,0.009864054
4,0.009864143
4,0.009864827
4,0.009863073
4,0.009863246
4,0.009864801
4,0.009865475
5,0.011872053
5,0.011872216
5,0.011871539
5,0.011871269
5,0.011871138
5,0.011871295
5,0.011871943
5,0.011872746
5,0.011871933
5,0.011871568
5,0.01187155
5,0.011871969
5,0.011871744
5,0.011871888
5,0.011872232
5,0.011871977
5,0.011870724
5,0.01187236
5,0.011872567
5,0.01187204
5,0.011872017
5,0.011872224
5,0.01187267
5,0.01187149
5,0.011871251
5,0.01187064
5,0.011870687
5,0.011871836
5,0.01187187
5,0.011872657
5,0.011872591
5,0.011871002
5,0.011871849
5,0.011872069
5,0.011872318
5,0.011871225
5,0.011872599
5,0.011872185
5,0.011872279
5,0.011873779
5,0.011872358
5,0.011872326
5,0.011872056
5,0.011871374
5,0.011872234
5,0.011872481
5,0.011871901
5,0.01187251
5,0.011871867
5,0.0118715
5,0.011872499
5,0.011872216
5,0.011873205
5,0.01187188
5,0.011871663
5,0.011871907
5,0.011871809
5,0.011873165
5,0.01187107
5,0.011871445
5,0.011872082
5,0.011871028
5,0.01187161
5,0.011872748
5,0.011871951
5,0.011872331
5,0.011870944
5,0.011872297
5,0.011872457
5,0.011872439
5,0.011873121
5,0.011872714
5,0.011872494
5,0.011871922
5,0.011871295
5,0.011871922
5,0.011871135
5,0.011872046
5,0.011871209
5,0.01187134
5,0.011871531
5,0.011872712
5,0.011870863
5,0.011872017
5,0.01187092
5,0.011871718
5,0.011872331
5,0.011870876
5,0.011871726
5,0.011871849
5,0.01187247
5,0.011871904
5,0.011870857
5,0.011871649
5,0.011872229
5,0.011873446
5,0.011871854
5,0.011871922
5,0.011871964
5,0.011872785
5,0.011872185
5,0.011872455
5,0.011872405
5,0.011871823
5,0.011872984
5,0.01187204
5,0.011871395
5,0.011871883
5,0.011872268
5,0.011871828
5,0.011872153
5,0.011871201
5,0.011871382
5,0.011871445
5,0.011872331
5,0.011872609
5,0.011872276
5,0.011872019
5,0.01187284
5,0.011872098
5,0.011872817
5,0.011871379
5,0.011872546
5,0.011871707
5,0.011872439
5,0.011871644
5,0.011871474
5,0.011871778
5,0.011872198
5,0.011871592
5,0.011871668
5,0.011871684
5,0.011873425
5,0.011873336
5,0.011872935
5,0.011872064
5,0.011871731
5,0.011871031
5,0.011870745
5,0.011872512
5,0.011872442
5,0.011871964
5,0.011871809
5,0.011872334
5,0.011873866
5,0.011872145
5,0.011872282
5,0.01187263
5,0.011872528
5,0.011871849
5,0.011872379
5,0.011872213
5,0.01187278
5,0.011872866
5,0.011871615
5,0.011873037
5,0.01187251
5,0.011873068
5,0.01187176
5,0.011873026
5,0.011872334
5,0.011872612
5,0.01187268
5,0.011872213
5,0.011873674
5,0.011871802
5,0.011871505
5,0.011873152
5,0.011872662
5,0.011873087
5,0.011871956
5,0.011873713
5,0.01187225
5,0.011873341
5,0.011872428
5,0.011871618
5,0.011873622
5,0.011872785
5,0.011872562
5,0.011872452
5,0.011871807
5,0.011872685
5,0.01187279
5,0.011871791
5,0.011872664
5,0.011871933
5,0.011871261
5,0.011871773
5,0.011871505
5,0.011872733
5,0.011871744
5,0.011872974
5,0.011872048
5,0.011871744
5,0.011871899
5,0.0118729
5,0.011872447
5,0.011872759
5,0.011873399
5,0.011872586
5,0.011871487
5,0.011872911
5,0.011872287
5,0.011872185
5,0.011873546
5,0.011872512
5,0.011872106
5,0.011874214
5,0.011872575
5,0.011873855
5,0.011873123
5,0.011872633
5,0.011872444
5,0.011874188
5,0.011872641
5,0.011873449
5,0.011872966
5,0.011873176
5,0.011873018
5,0.011872602
5,0.011872872
5,0.01187295
5,0.011872205
5,0.011871555
5,0.011873415
5,0.011873042
5,0.011872785
5,0.011873855
5,0.011873858
5,0.01187374
5,0.011872659
5,0.011872575
5,0.011872814
5,0.011873742
5,0.011872192
5,0.011873039
5,0.011873157
5,0.011873197
5,0.011872153
5,0.011872363
5,0.011872803
5,0.011872253
5,0.011871723
5,0.011873863
5,0.011872221
5,0.011873679
5,0.011873323
5,0.011873501
5,0.011872143
5,0.01187252
5,0.011873341
5,0.011873501
5,0.011873734
5,0.011872845
5,0.011873585
5,0.011872434
5,0.011872074
5,0.011873485
5,0.01187192
5,0.011873207
5,0.011872809
5,0.011872205
5,0.011874096
5,0.011871602
5,0.011872533
5,0.011872043
5,0.011873291
5,0.011872845
5,0.011873559
5,0.011872339
5,0.011873564
5,0.011872798
5,0.011873176
5,0.0118724
5,0.011872942
5,0.011871736
5,0.011873627
5,0.011872491
5,0.011872352
5,0.011872969
5,0.011873603
5,0.011873144
5,0.011872866
5,0.011873202
5,0.011873079
5,0.011872491
5,0.011873045
5,0.01187294
5,0.011873572
5,0.011872848
5,0.011872046
5,0.011873079
5,0.011872282
5,0.011872969
5,0.011873472
5,0.01187295
5,0.011872625
5,0.011873312
5,0.01187342
5,0.011871492
5,0.011873685
5,0.01187289
5,0.01187321
5,0.011872612
5,0.011873496
5,0.011873546
5,0.011872811
5,0.011874144
5,0.011874073
5,0.01187247
5,0.011872279
5,0.011872578
5,0.011873648
5,0.011873519
5,0.011872761
5,0.011873401
5,0.011873359
5,0.011873504
5,0.011873973
5,0.011874238
5,0.011873637
5,0.011874731
5,0.011874663
5,0.011873674
5,0.011872956
5,0.011872602
5,0.011874144
5,0.011874571
5,0.011874115
5,0.011872365
5,0.011873892
5,0.011873939
5,0.011874062
5,0.011873338
5,0.011873394
5,0.011874201
5,0.011872979
5,0.011872609
5,0.011873137
5,0.011873239
5,0.011872615
5,0.011873624
5,0.011872701
5,0.011872643
5,0.011872984
5,0.01187284
5,0.011873971
5,0.011873582
5,0.011872932
5,0.011873582
5,0.01187391
5,0.011873706
5,0.011873601
5,0.011873952
5,0
5,0
5,0
5,0
5,0
5,0
5,0
5,0
5,0
5,0
5,0
5,0
5,0
5,0
5,0
5,0
5,0
5,0
5,0
5,0
5,0
5,0
5,0
5,0
5,0
5,0
5,0
5,0
5,0
5,0
5,0
5,0
5,0
5,0
5,0
5,0
5,0
5,0
5,0
5,0
5,0
5,0
5,0
5,0
5,0
5,0
5,0
5,0
5,0
5,0
5,0
5,0
5,0
5,0
5,0
5,0
5,0
5,0
5,0
5,0
5,0
5,0
5,0
5,0
5,0
5,0
5,0
5,0
5,0
5,0
5,0
5,0
5,0
5,0
5,0
5,0
5,0
5,0
5,0
5,0
5,0
5,0
5,0
5,0
5,0
5,0
5,0
5,0
5,0
5,0
5,0
5,0
5,0
5,0
5,0
5,0
5,0
5,0
5,0
5,0
5,0
5,0
5,0
5,0
5,0
5,0
5,0
5,0
5,0
5,0
5,0
5,0
5,0
5,0
5,0
5,0
5,0
5,0
5,0
5,0
5,0
5,0
5,0
5,0
5,0
5,0
5,0
5,0
5,0
5,0
5,0
5,0
5,0
5,0
5,0
5,0
5,0
5,0
5,0
5,0
5,0
5,0
5,0
5,0
5,0
5,0
5,0
5,0
5,0
5,0
5,0
5,0
5,0
5,0
5,0
5,0
5,0
5,0
5,0
5,0
5,0
5,0
5,0
5,0
5,0
5,0
5,0
5,0
5,0
5,0
5,0
5,0
5,0
5,0
5,0
5,0
5,0
5,0
5,0
5,0
5,0
5,0
5,0
5,0
5,0
5,0
5,0
5,0
5,0
5,0
5,0
5,0
5,0
5,0
5,0
5,0
5,0
5,0
5,0
5,0
5,0
5,0
5,0
5,0
5,0
5,0
5,0
5,0
5,0
5,0
5,0
5,0
5,0
5,0
5,0
5,0
5,0
5,0
5,0
5,0
5,0
5,0
5,0
5,0
5,0
5,0
5,0
5,0
5,0
5,0
5,0
5,0
5,0
5,0
5,0
5,0
5,0
5,0
5,0
5,0
5,0
5,0
5,0
5,0
5,0
5,0
5,0
5,0
5,0
5,0
5,0
5,0
5,0
5,0
5,0
5,0
5,0
5,0
5,0
5,0
5,0
5,0
5,0
5,0
5,0
5,0
5,0
5,0
5,0
5,0
5,0
5,0
5,0
5,0
5,0
5,0
5,0
5,0
5,0
5,0
5,0
5,0
5,0
5,0
5,0
5,0
5,0
5,0
5,0
5,0
5,0
5,0
5,0
5,0
5,0
5,0
5,0
5,0
5,0
5,0
5,0
5,0
5,0
5,0
5,0
5,0
5,0
5,0
5,0
5,0
5,0
5,0
5,0
5,0
5,0
5,0
5,0
5,0
5,0
5,0
5,0
5,0
5,0
5,0
5,0
5,0
5,0
5,0
5,0
5,0
5,0
5,0
5,0
5,0
5,0
5,0
5,0
5,0
5,0
5,0
5,0
5,0
5,0
5,0
5,0
5,0
5,0
5,0
5,0
5,0
5,0
5,0
5,0
5,0
5,0
5,0
5,0
5,0
5,0
5,0
5,0
5,0
5,0
5,0
5,0
5,0
5,0
5,0
5,0
5,0
5,0
5,0
5,0
5,0
5,0
5,0
5,0
5,0
5,0
5,0
5,0
5,0
5,0
5,0
5,0
5,0
5,0
5,0
5,0
5,0
5,0
5,0
5,0
5,0
5,0
5,0
5,0
5,0
5,0
5,0
5,0
5,0
5,0
5,0
5,0
5,0
5,0
5,0
5,0
5,0
5,0
5,0
5,0
5,0
5,0
5,0
5,0
5,0
5,0
5,0
5,0
5,0
5,0
5,0
5,0
5,0
5,0
5,0
5,0
5,0
5,0
5,0
5,0
5,0
5,0
5,0
5,0
5,0
5,0
5,0
5,0
5,0
5,0
5,0
5,0
5,0
5,0
5,0
5,0
5,0
5,0
5,0
5,0
5,0
5,0
5,0
5,0
5,0
5,0
5,0
5,0
5,0
5,0
5,0
5,0
5,0
5,0
5,0
5,0
5,0
5,0
5,0
5,0
5,0
5,0
5,0
5,0
5,0
5,0
5,0
5,0
5,0
5,0
5,0
5,0
5,0
5,0
5,0
5,0
5,0
5,0
5,0
5,0
5,0
5,0
5,0
5,0
5,0
5,0
5,0
5,0
5,0
5,0
5,0
5,0
5,0
5,0
5,0
5,0
5,0
5,0
5,0
5,0
5,0
5,0
5,0
5,0
5,0
5,0
5,0
5,0
5,0
5,0
5,0
5,0
5,0
5,0
5,0
5,0
5,0
5,0
5,0
5,0
5,0
5,0
5,0
5,0
5,0
5,0
5,0
5,0
5,0
5,0
5,0
5,0
5,0
5,0
5,0
5,0
5,0
5,0
5,0
5,0
5,0
5,0
5,0
5,0
5,0
5,0
5,0
5,0
5,0
5,0
5,0
5,0
5,0
5,0
5,0
5,0
5,0
5,0
5,0
5,0
5,0
5,0
5,0
5,0
5,0
5,0
5,0
5,0
5,0
5,0
5,0
5,0
5,0
5,0
5,0
5,0
5,0
5,0
5,0
5,0
5,0
5,0
5,0
5,0
5,0
5,0
5,0
5,0
5,0
5,0
5,0
5,0
5,0
5,0
5,0
5,0
5,0
5,0
5,0
5,0
5,0
5,0
5,0
5,0
5,0
5,0
5,0
5,0
5,0
5,0
5,0
5,0
5,0
5,0
5,0
5,0
5,0
5,0
5,0
5,0
5,0
5,0
5,0
5,0
5,0
5,0
5,0
5,0
5,0
5,0
5,0
5,0
5,0
